file,timestamp,algorithm,duration,rps,seed,totalRequests,totalErrors,throughput,avgLatency,p95Latency,errorRate
fixed_health_seed42.json,2026-09-25T13:40:31.060Z,FIXED_HEALTH,60,5,42,294,0,4.9,47.37,67,0
least_connections_seed42.json,2026-09-25T13:38:28.002Z,LEAST_CONNECTIONS,60,5,42,295,0,4.917,46.51,67,0
pso_healing_off.json,2026-09-25T14:06:37.804Z,PSO,120,5,42,587,576,4.892,616.62,620,0.981261
pso_healing_on.json,2026-09-25T14:00:44.895Z,PSO,120,5,42,589,46,4.908,143,616,0.078098
pso_linear_fitness_seed42.json,2026-09-25T13:53:35.506Z,PSO_LINEAR_FITNESS,60,5,42,294,0,4.9,53.52,86,0
pso_rps10.json,2026-09-25T14:13:41.572Z,PSO,60,10,42,549,0,9.15,46.54,66,0
pso_rps20.json,2026-09-25T14:15:16.968Z,PSO,60,20,42,971,0,16.183,41.78,56,0
pso_rps5.json,2026-09-25T14:08:24.710Z,PSO,60,5,42,295,0,4.917,52.94,80,0
pso_seed_42.json,2026-09-25T13:42:20.564Z,PSO,60,5,42,295,0,4.917,51.82,74,0
pso_seed_43.json,2026-09-25T13:43:56.944Z,PSO,60,5,43,295,0,4.917,46.92,63,0
pso_seed_44.json,2026-09-25T13:44:57.502Z,PSO,60,5,44,294,0,4.9,60.12,113,0
pso_seed_45.json,2026-09-25T13:45:58.216Z,PSO,60,5,45,294,0,4.9,59.92,101,0
pso_seed_46.json,2026-09-25T13:46:59.075Z,PSO,60,5,46,295,0,4.917,48.93,77,0
pso_seed_47.json,2026-09-25T13:47:59.729Z,PSO,60,5,47,294,0,4.9,54.01,94,0
pso_seed_48.json,2026-09-25T13:49:00.370Z,PSO,60,5,48,295,0,4.917,49.33,81,0
pso_seed_49.json,2026-09-25T13:50:01.101Z,PSO,60,5,49,295,0,4.917,51.92,86,0
pso_seed_50.json,2026-09-25T13:51:01.763Z,PSO,60,5,50,295,0,4.917,47.03,68,0
pso_seed_51.json,2026-09-25T13:52:02.396Z,PSO,60,5,51,294,0,4.9,50.5,70,0
pso_without_softmax_seed42.json,2026-09-25T13:56:35.290Z,PSO_WITHOUT_SOFTMAX,60,5,42,294,0,4.9,54.44,79,0
round_robin_seed42.json,2026-09-25T13:36:35.380Z,ROUND_ROBIN,60,5,42,295,0,4.917,49.29,67,0